photo_name,split
id_1000_value_176_881.jpg,train
id_1001_value_1113_124.jpg,train
id_1002_value_105_174.jpg,train
id_1003_value_209_317.jpg,train
id_1004_value_37_176.jpg,train
id_1005_value_273_47.jpg,train
id_1006_value_66_009.jpg,train
id_1007_value_60_219.jpg,train
id_1008_value_95_912.jpg,test
id_1009_value_133_679.jpg,train
id_100_value_51_256.jpg,train
id_1010_value_109_919.jpg,train
id_1011_value_567_0.jpg,train
id_1012_value_591_381.jpg,train
id_1013_value_797_523.jpg,train
id_1014_value_189_678.jpg,train
id_1015_value_1309_052.jpg,train
id_1016_value_367_003.jpg,train
id_1017_value_151_374.jpg,train
id_1018_value_10_448.jpg,train
id_1019_value_1070_401.jpg,test
id_101_value_28_979.jpg,train
id_1020_value_61_941.jpg,train
id_1021_value_66_784.jpg,test
id_1022_value_95_735.jpg,train
id_1023_value_428_353.jpg,val
id_1024_value_1_862.jpg,val
id_1025_value_273_806.jpg,train
id_1026_value_1009_129.jpg,val
id_1027_value_654_785.jpg,train
id_1028_value_125_489.jpg,test
id_1029_value_409_55.jpg,train
id_102_value_351_091.jpg,train
id_1030_value_128_318.jpg,train
id_1031_value_199_337.jpg,train
id_1032_value_776_247.jpg,train
id_1033_value_1131_272.jpg,train
id_1034_value_263_406.jpg,test
id_1035_value_690_387.jpg,train
id_1036_value_528_894.jpg,test
id_1037_value_136_621.jpg,train
id_1038_value_163_397.jpg,train
id_1039_value_643_825.jpg,train
id_103_value_334_42.jpg,train
id_1040_value_127_865.jpg,train
id_1041_value_22_136.jpg,test
id_1042_value_30_011.jpg,train
id_1043_value_60_503.jpg,train
id_1044_value_44_311.jpg,train
id_1045_value_122_269.jpg,test
id_1046_value_8_453.jpg,train
id_1047_value_84_705.jpg,train
id_1048_value_325_913.jpg,train
id_1049_value_166_511.jpg,train
id_104_value_322_032.jpg,val
id_1050_value_60_509.jpg,train
id_1051_value_169_002.jpg,train
id_1052_value_136_842.jpg,test
id_1053_value_580_979.jpg,train
id_1054_value_65_26.jpg,train
id_1055_value_1765_869.jpg,train
id_1056_value_722_363.jpg,train
id_1057_value_206_805.jpg,test
id_1058_value_247_887.jpg,train
id_1059_value_1127_775.jpg,val
id_105_value_78_404.jpg,train
id_1060_value_50_135.jpg,train
id_1061_value_572_883.jpg,train
id_1062_value_219_494.jpg,test
id_1063_value_641_094.jpg,test
id_1064_value_623_167.jpg,train
id_1065_value_151_704.jpg,train
id_1066_value_290_429.jpg,val
id_1067_value_49_186.jpg,train
id_1068_value_12_608.jpg,train
id_1069_value_117_87.jpg,train
id_106_value_758_407.jpg,train
id_1070_value_102_828.jpg,test
id_1071_value_1091_938.jpg,train
id_1072_value_643_452.jpg,val
id_1073_value_702_757.jpg,train
id_1074_value_58_072.jpg,test
id_1075_value_90_073.jpg,train
id_1076_value_190_063.jpg,val
id_1077_value_308_371.jpg,train
id_1078_value_210_971.jpg,train
id_1079_value_281_559.jpg,train
id_107_value_124_374.jpg,train
id_1080_value_372_883.jpg,train
id_1081_value_42_119.jpg,train
id_1082_value_1084_591.jpg,train
id_1083_value_1050_584.jpg,val
id_1084_value_433_559.jpg,train
id_1085_value_81_39.jpg,train
id_1086_value_180_119.jpg,train
id_1087_value_69_608.jpg,test
id_1088_value_314_492.jpg,train
id_1089_value_10_955.jpg,val
id_108_value_277_461.jpg,train
id_1090_value_309_531.jpg,train
id_1091_value_2987_435.jpg,val
id_1092_value_658_353.jpg,test
id_1093_value_468_84.jpg,test
id_1094_value_40_362.jpg,train
id_1095_value_1040_515.jpg,val
id_1096_value_250_756.jpg,train
id_1097_value_0_337.jpg,train
id_1098_value_730_384.jpg,train
id_1099_value_35_588.jpg,train
id_109_value_427_194.jpg,train
id_10_value_150_954.jpg,val
id_1100_value_268_269.jpg,train
id_1101_value_9_229.jpg,train
id_1102_value_920_047.jpg,train
id_1103_value_9_57.jpg,train
id_1104_value_14_332.jpg,train
id_1105_value_148_223.jpg,test
id_1106_value_554_876.jpg,train
id_1107_value_57_32.jpg,train
id_1108_value_334_983.jpg,test
id_1109_value_25_488.jpg,test
id_110_value_299_688.jpg,train
id_1110_value_59_318.jpg,val
id_1111_value_190_84.jpg,train
id_1112_value_752_641.jpg,train
id_1113_value_134_282.jpg,train
id_1114_value_276_903.jpg,train
id_1115_value_433_019.jpg,val
id_1116_value_73_866.jpg,train
id_1117_value_101_299.jpg,val
id_1118_value_1551_606.jpg,val
id_1119_value_41_906.jpg,train
id_111_value_93_085.jpg,test
id_1120_value_208_354.jpg,val
id_1121_value_712_0.jpg,train
id_1122_value_62_663.jpg,train
id_1123_value_600_494.jpg,train
id_1124_value_853_788.jpg,val
id_1125_value_0_0.jpg,val
id_1126_value_31_744.jpg,train
id_1127_value_25_768.jpg,test
id_1128_value_19_766.jpg,train
id_1129_value_143_703.jpg,train
id_112_value_365_387.jpg,test
id_1130_value_150_145.jpg,test
id_1131_value_40_506.jpg,train
id_1132_value_45693_19.jpg,train
id_1133_value_494_334.jpg,train
id_1134_value_366_995.jpg,train
id_1135_value_103_854.jpg,train
id_1136_value_1054_406.jpg,train
id_1137_value_704_175.jpg,train
id_1138_value_99999_539.jpg,test
id_1139_value_515_194.jpg,train
id_113_value_330_374.jpg,train
id_1140_value_42_994.jpg,train
id_1141_value_962_339.jpg,train
id_1142_value_795_149.jpg,test
id_1143_value_17_644.jpg,test
id_1144_value_590_053.jpg,train
id_1145_value_127_383.jpg,train
id_1146_value_90_393.jpg,train
id_1147_value_331_709.jpg,train
id_1148_value_395_131.jpg,train
id_1149_value_49_279.jpg,train
id_114_value_406_672.jpg,test
id_1150_value_58_169.jpg,train
id_1151_value_22_418.jpg,train
id_1152_value_95_22.jpg,train
id_1153_value_0_117.jpg,train
id_1154_value_29_701.jpg,test
id_1155_value_393_308.jpg,train
id_1156_value_61_991.jpg,train
id_1157_value_51_64.jpg,val
id_1158_value_68_493.jpg,test
id_1159_value_127_44.jpg,train
id_115_value_157_895.jpg,train
id_1160_value_435_642.jpg,val
id_1161_value_71_024.jpg,train
id_1162_value_159_874.jpg,train
id_1163_value_117_431.jpg,train
id_1164_value_118_474.jpg,train
id_1165_value_450_171.jpg,train
id_1166_value_165_706.jpg,val
id_1167_value_129_65.jpg,train
id_1168_value_641_413.jpg,train
id_1169_value_424_743.jpg,test
id_116_value_56_516.jpg,train
id_1170_value_1681_531.jpg,train
id_1171_value_456_841.jpg,train
id_1172_value_74_176.jpg,test
id_1173_value_886_683.jpg,test
id_1174_value_92_816.jpg,val
id_1175_value_97_817.jpg,train
id_1176_value_29_682.jpg,train
id_1177_value_208_368.jpg,val
id_1178_value_145_126.jpg,train
id_1179_value_433_558.jpg,val
id_117_value_32_579.jpg,train
id_1180_value_333_31.jpg,val
id_1181_value_71_658.jpg,train
id_1182_value_268_903.jpg,val
id_1183_value_360_981.jpg,train
id_1184_value_978_404.jpg,train
id_1185_value_346_447.jpg,train
id_1186_value_610_589.jpg,test
id_1187_value_267_865.jpg,train
id_1188_value_325_738.jpg,train
id_1189_value_167_57.jpg,train
id_118_value_49_875.jpg,train
id_1190_value_197_546.jpg,test
id_1191_value_499_494.jpg,test
id_1192_value_249_791.jpg,train
id_1193_value_147_365.jpg,train
id_1194_value_681_894.jpg,train
id_1195_value_276_309.jpg,train
id_1196_value_178_808.jpg,val
id_1197_value_974_68.jpg,train
id_1198_value_46_895.jpg,train
id_1199_value_214_285.jpg,train
id_119_value_37_902.jpg,test
id_11_value_431_932.jpg,val
id_1200_value_112_622.jpg,train
id_1201_value_54_352.jpg,test
id_1202_value_727_91.jpg,test
id_1203_value_367_29.jpg,train
id_1204_value_78_677.jpg,train
id_1205_value_349_113.jpg,train
id_1206_value_33_069.jpg,train
id_1207_value_39_346.jpg,train
id_1208_value_25_891.jpg,val
id_1209_value_466_244.jpg,train
id_120_value_100_536.jpg,train
id_1210_value_212_913.jpg,train
id_1211_value_25_814.jpg,train
id_1212_value_657_222.jpg,train
id_1213_value_126_175.jpg,train
id_1214_value_13_024.jpg,val
id_1215_value_45_756.jpg,train
id_1216_value_362_741.jpg,train
id_1217_value_93_164.jpg,train
id_1218_value_211_084.jpg,val
id_1219_value_54_372.jpg,val
id_121_value_355_076.jpg,train
id_1220_value_357_706.jpg,train
id_1221_value_15_418.jpg,train
id_1222_value_63_315.jpg,train
id_1223_value_11_662.jpg,train
id_1224_value_255_485.jpg,train
id_1225_value_49_818.jpg,test
id_1226_value_8_806.jpg,val
id_1227_value_53_156.jpg,train
id_1228_value_250_361.jpg,train
id_1229_value_13_986.jpg,train
id_122_value_245_765.jpg,train
id_1230_value_424_297.jpg,val
id_1231_value_33_894.jpg,test
id_1232_value_773_075.jpg,train
id_1233_value_138_239.jpg,train
id_1234_value_850_0.jpg,train
id_1235_value_388_234.jpg,train
id_1236_value_209_114.jpg,train
id_1237_value_454_0.jpg,train
id_1238_value_71_175.jpg,train
id_1239_value_322_859.jpg,val
id_123_value_337_294.jpg,test
id_1240_value_28_306.jpg,train
id_1241_value_6244_155.jpg,train
id_1242_value_209_385.jpg,test
id_1243_value_13_474.jpg,train
id_1244_value_36_984.jpg,train
id_124_value_305_094.jpg,train
id_125_value_46_15.jpg,val
id_126_value_769_703.jpg,train
id_127_value_485_37.jpg,val
id_128_value_62_127.jpg,val
id_129_value_210_885.jpg,val
id_12_value_414_676.jpg,train
id_130_value_185_287.jpg,train
id_131_value_523_546.jpg,train
id_132_value_44_407.jpg,val
id_133_value_2531_108.jpg,train
id_134_value_243_441.jpg,train
id_135_value_127_529.jpg,train
id_136_value_213_785.jpg,train
id_137_value_141_737.jpg,train
id_138_value_537_475.jpg,train
id_139_value_58_809.jpg,train
id_13_value_21_789.jpg,val
id_140_value_309_519.jpg,train
id_141_value_20_213.jpg,train
id_142_value_641_39.jpg,train
id_143_value_41_828.jpg,train
id_144_value_931_045.jpg,train
id_145_value_78_757.jpg,train
id_146_value_74_626.jpg,val
id_147_value_7_864.jpg,train
id_148_value_370_68.jpg,train
id_149_value_160_531.jpg,train
id_14_value_14_954.jpg,train
id_150_value_307_716.jpg,train
id_151_value_830_921.jpg,train
id_152_value_575_389.jpg,val
id_153_value_139_457.jpg,train
id_154_value_498_982.jpg,test
id_155_value_24_571.jpg,train
id_156_value_221_056.jpg,train
id_157_value_96_483.jpg,test
id_158_value_268_775.jpg,train
id_159_value_391_282.jpg,test
id_15_value_1271_072.jpg,train
id_160_value_191_005.jpg,train
id_161_value_79_982.jpg,val
id_162_value_36_022.jpg,train
id_163_value_741_337.jpg,train
id_164_value_287_188.jpg,train
id_165_value_144_111.jpg,test
id_166_value_778_329.jpg,train
id_167_value_2_299.jpg,test
id_168_value_35_368.jpg,test
id_169_value_104_842.jpg,train
id_16_value_106_749.jpg,train
id_170_value_72_507.jpg,train
id_171_value_602_542.jpg,train
id_172_value_854_361.jpg,train
id_173_value_453_351.jpg,val
id_174_value_680_443.jpg,train
id_175_value_374_241.jpg,train
id_176_value_125_152.jpg,val
id_177_value_1050_259.jpg,train
id_178_value_199_668.jpg,train
id_179_value_31_632.jpg,val
id_17_value_59_034.jpg,train
id_180_value_233_116.jpg,train
id_181_value_255_435.jpg,train
id_182_value_542_723.jpg,train
id_183_value_381_381.jpg,train
id_184_value_491_717.jpg,train
id_185_value_177_586.jpg,train
id_186_value_204_875.jpg,train
id_187_value_25_425.jpg,train
id_188_value_81_853.jpg,train
id_189_value_42_268.jpg,train
id_18_value_137_994.jpg,train
id_190_value_233_256.jpg,train
id_191_value_113_266.jpg,train
id_192_value_513_656.jpg,train
id_193_value_92_431.jpg,train
id_194_value_153_434.jpg,train
id_195_value_103_694.jpg,train
id_196_value_464_667.jpg,test
id_197_value_146_078.jpg,train
id_198_value_161_557.jpg,val
id_199_value_68_163.jpg,train
id_19_value_198_521.jpg,train
id_1_value_13_116.jpg,train
id_200_value_87_094.jpg,train
id_201_value_168_803.jpg,test
id_202_value_493_084.jpg,train
id_203_value_154_089.jpg,train
id_204_value_577_044.jpg,val
id_205_value_88_449.jpg,train
id_206_value_219_63.jpg,train
id_207_value_147_169.jpg,train
id_208_value_48_223.jpg,train
id_209_value_107_926.jpg,train
id_20_value_191_506.jpg,val
id_210_value_111_633.jpg,test
id_211_value_165_954.jpg,train
id_212_value_333_865.jpg,test
id_213_value_79_756.jpg,test
id_214_value_138_49.jpg,val
id_215_value_322_479.jpg,train
id_216_value_493_122.jpg,train
id_217_value_865_65.jpg,train
id_218_value_276_273.jpg,train
id_219_value_4_516.jpg,train
id_21_value_447_676.jpg,train
id_220_value_366_68.jpg,train
id_221_value_227_621.jpg,train
id_222_value_157_557.jpg,test
id_223_value_563_911.jpg,train
id_224_value_144_663.jpg,train
id_225_value_957_703.jpg,train
id_226_value_162_851.jpg,train
id_227_value_233_869.jpg,train
id_228_value_271_697.jpg,val
id_229_value_105_735.jpg,val
id_22_value_241_801.jpg,train
id_230_value_80_351.jpg,train
id_231_value_0_7.jpg,train
id_232_value_767_784.jpg,val
id_233_value_370_276.jpg,train
id_234_value_501_0.jpg,test
id_235_value_93_835.jpg,train
id_236_value_136_123.jpg,train
id_237_value_15_381.jpg,train
id_238_value_303_557.jpg,train
id_239_value_50_868.jpg,train
id_23_value_203_248.jpg,train
id_240_value_487_135.jpg,train
id_241_value_62_567.jpg,train
id_242_value_0_715.jpg,train
id_243_value_41_197.jpg,train
id_244_value_170_503.jpg,train
id_245_value_318_326.jpg,val
id_246_value_497_833.jpg,train
id_247_value_795_861.jpg,test
id_248_value_75_085.jpg,train
id_249_value_706_0.jpg,val
id_24_value_127_663.jpg,train
id_250_value_182_897.jpg,train
id_251_value_36_0.jpg,train
id_252_value_313_322.jpg,train
id_253_value_309_887.jpg,val
id_254_value_386_38.jpg,train
id_255_value_172_542.jpg,train
id_256_value_511_562.jpg,train
id_257_value_183_387.jpg,train
id_258_value_619_0.jpg,test
id_259_value_0_078.jpg,train
id_25_value_328_484.jpg,val
id_260_value_120_115.jpg,val
id_261_value_80_19.jpg,train
id_262_value_409_011.jpg,train
id_263_value_87_006.jpg,train
id_264_value_104_406.jpg,train
id_265_value_211_872.jpg,test
id_266_value_76_686.jpg,train
id_267_value_428_119.jpg,train
id_268_value_192_841.jpg,test
id_269_value_191_927.jpg,train
id_26_value_252_131.jpg,train
id_270_value_146_443.jpg,val
id_271_value_176_263.jpg,train
id_272_value_342_37.jpg,test
id_273_value_69_605.jpg,train
id_274_value_250_581.jpg,val
id_275_value_163_713.jpg,train
id_276_value_293_401.jpg,train
id_277_value_147_577.jpg,train
id_278_value_15_208.jpg,val
id_279_value_259_766.jpg,test
id_27_value_140_738.jpg,train
id_280_value_99_692.jpg,train
id_281_value_117_878.jpg,val
id_282_value_211_562.jpg,test
id_283_value_23_365.jpg,train
id_284_value_351_167.jpg,val
id_285_value_886_577.jpg,train
id_286_value_90_306.jpg,train
id_287_value_110_818.jpg,train
id_288_value_49_28.jpg,val
id_289_value_186_106.jpg,train
id_28_value_81_998.jpg,train
id_290_value_156_423.jpg,train
id_291_value_291_216.jpg,train
id_292_value_321_827.jpg,train
id_293_value_705_233.jpg,test
id_294_value_57_097.jpg,test
id_295_value_337_925.jpg,train
id_296_value_85_751.jpg,train
id_297_value_0_054.jpg,train
id_298_value_196_086.jpg,test
id_299_value_16_551.jpg,val
id_29_value_127_491.jpg,train
id_2_value_495_341.jpg,train
id_300_value_402_991.jpg,train
id_301_value_1125_654.jpg,test
id_302_value_490_858.jpg,train
id_303_value_18_245.jpg,train
id_304_value_280_172.jpg,val
id_305_value_145_349.jpg,train
id_306_value_158_719.jpg,train
id_307_value_169_002.jpg,val
id_308_value_70_94.jpg,train
id_309_value_976_451.jpg,test
id_30_value_259_681.jpg,train
id_310_value_68_054.jpg,test
id_311_value_363_805.jpg,train
id_312_value_138_228.jpg,train
id_313_value_157_905.jpg,train
id_314_value_168_654.jpg,train
id_315_value_195_419.jpg,train
id_316_value_425_999.jpg,train
id_317_value_222_455.jpg,train
id_318_value_225_584.jpg,val
id_319_value_1669_853.jpg,test
id_31_value_385_93.jpg,train
id_320_value_293_281.jpg,train
id_321_value_83_943.jpg,val
id_322_value_151_065.jpg,test
id_323_value_475_611.jpg,val
id_324_value_793_0.jpg,train
id_325_value_182_686.jpg,test
id_326_value_262_363.jpg,train
id_327_value_32_253.jpg,train
id_328_value_842_787.jpg,train
id_329_value_619_41.jpg,train
id_32_value_174_115.jpg,train
id_330_value_18_622.jpg,train
id_331_value_401_774.jpg,train
id_332_value_453_118.jpg,train
id_333_value_849_037.jpg,test
id_334_value_267_778.jpg,test
id_335_value_378_547.jpg,train
id_336_value_166_604.jpg,test
id_337_value_336_082.jpg,train
id_338_value_781_517.jpg,train
id_339_value_182_635.jpg,train
id_33_value_169_387.jpg,train
id_340_value_362_368.jpg,train
id_341_value_74_408.jpg,train
id_342_value_160_019.jpg,val
id_343_value_45_695.jpg,train
id_344_value_485_179.jpg,test
id_345_value_54_313.jpg,train
id_346_value_177_673.jpg,test
id_347_value_18_79.jpg,train
id_348_value_43_132.jpg,test
id_349_value_18_748.jpg,train
id_34_value_635_498.jpg,test
id_350_value_120_97.jpg,train
id_351_value_643_256.jpg,val
id_352_value_214_331.jpg,test
id_353_value_2115_472.jpg,train
id_354_value_362_477.jpg,train
id_355_value_165_941.jpg,train
id_356_value_2_687.jpg,train
id_357_value_611_805.jpg,train
id_358_value_358_003.jpg,train
id_359_value_257_642.jpg,test
id_35_value_469_334.jpg,train
id_360_value_35_832.jpg,train
id_361_value_48_641.jpg,test
id_362_value_2_674.jpg,val
id_363_value_370_127.jpg,train
id_364_value_148_019.jpg,train
id_365_value_214_61.jpg,train
id_366_value_26_999.jpg,train
id_367_value_99_013.jpg,val
id_368_value_118_369.jpg,train
id_369_value_14_509.jpg,val
id_36_value_500_582.jpg,train
id_370_value_832_134.jpg,train
id_371_value_254_081.jpg,train
id_372_value_71_374.jpg,test
id_373_value_277_517.jpg,train
id_374_value_141_027.jpg,train
id_375_value_833_132.jpg,val
id_376_value_309_585.jpg,train
id_377_value_512_484.jpg,test
id_378_value_303_412.jpg,train
id_379_value_370_405.jpg,val
id_37_value_140_301.jpg,train
id_380_value_90_659.jpg,train
id_381_value_1975_496.jpg,train
id_382_value_78_391.jpg,val
id_383_value_49_098.jpg,val
id_384_value_216_265.jpg,train
id_385_value_156_613.jpg,train
id_386_value_563_182.jpg,train
id_387_value_231_889.jpg,test
id_388_value_14_678.jpg,train
id_389_value_0_088.jpg,train
id_38_value_299_131.jpg,val
id_390_value_204_165.jpg,train
id_391_value_129_868.jpg,train
id_392_value_377_179.jpg,val
id_393_value_376_319.jpg,train
id_394_value_565_179.jpg,train
id_395_value_117_471.jpg,train
id_396_value_228_944.jpg,train
id_397_value_139_462.jpg,train
id_398_value_8_898.jpg,train
id_399_value_314_514.jpg,test
id_39_value_205_803.jpg,train
id_3_value_366_885.jpg,val
id_400_value_234_306.jpg,train
id_401_value_36_626.jpg,train
id_402_value_1626_651.jpg,train
id_403_value_553_037.jpg,train
id_404_value_231_743.jpg,val
id_405_value_85_241.jpg,test
id_406_value_111_977.jpg,train
id_407_value_21_86.jpg,test
id_408_value_9_802.jpg,test
id_409_value_788_207.jpg,train
id_40_value_158_359.jpg,test
id_410_value_214_463.jpg,train
id_411_value_215_105.jpg,train
id_412_value_179_759.jpg,train
id_413_value_561_627.jpg,train
id_414_value_20_087.jpg,train
id_415_value_262_0.jpg,train
id_416_value_115_431.jpg,train
id_417_value_180_068.jpg,train
id_418_value_207_428.jpg,train
id_419_value_1227_0.jpg,train
id_41_value_374_91.jpg,train
id_420_value_516_007.jpg,test
id_421_value_59_576.jpg,train
id_422_value_84_455.jpg,val
id_423_value_136_858.jpg,train
id_424_value_4_502.jpg,train
id_425_value_178_484.jpg,train
id_426_value_140_51.jpg,test
id_427_value_26_262.jpg,val
id_428_value_92_319.jpg,train
id_429_value_12_251.jpg,test
id_42_value_211_427.jpg,train
id_430_value_84_425.jpg,train
id_431_value_192_972.jpg,train
id_432_value_127_517.jpg,train
id_433_value_143_818.jpg,train
id_434_value_1030_676.jpg,train
id_435_value_2_403.jpg,train
id_436_value_48_389.jpg,test
id_437_value_603_135.jpg,train
id_438_value_293_369.jpg,val
id_439_value_467_906.jpg,val
id_43_value_123_689.jpg,train
id_440_value_1081_309.jpg,train
id_441_value_250_461.jpg,train
id_442_value_35_062.jpg,train
id_443_value_649_127.jpg,train
id_444_value_571_032.jpg,train
id_445_value_701_538.jpg,train
id_446_value_271_545.jpg,test
id_447_value_749_431.jpg,val
id_448_value_188_816.jpg,val
id_449_value_142_086.jpg,train
id_44_value_244_743.jpg,train
id_450_value_529_891.jpg,train
id_451_value_385_451.jpg,train
id_452_value_571_864.jpg,train
id_453_value_139_505.jpg,train
id_454_value_945_536.jpg,train
id_455_value_210_273.jpg,test
id_456_value_124_464.jpg,train
id_457_value_11_787.jpg,train
id_458_value_1080_933.jpg,train
id_459_value_252_729.jpg,train
id_45_value_215_0.jpg,train
id_460_value_248_101.jpg,train
id_461_value_185_653.jpg,train
id_462_value_339_016.jpg,train
id_463_value_228_072.jpg,train
id_464_value_97_725.jpg,test
id_465_value_382_877.jpg,train
id_466_value_122_487.jpg,test
id_467_value_127_201.jpg,test
id_468_value_228_25.jpg,train
id_469_value_715_373.jpg,val
id_46_value_647_254.jpg,test
id_470_value_8_275.jpg,train
id_471_value_29_41.jpg,train
id_472_value_179_428.jpg,train
id_473_value_68_926.jpg,val
id_474_value_833_0.jpg,train
id_475_value_86_07.jpg,train
id_476_value_34_907.jpg,val
id_477_value_188_295.jpg,test
id_478_value_226_0.jpg,val
id_479_value_130_57.jpg,train
id_47_value_301_107.jpg,train
id_480_value_2054_238.jpg,test
id_481_value_64_737.jpg,test
id_482_value_244_342.jpg,train
id_483_value_554_559.jpg,train
id_484_value_28_748.jpg,train
id_485_value_137_551.jpg,train
id_486_value_26_018.jpg,train
id_487_value_153_668.jpg,train
id_488_value_134_0.jpg,train
id_489_value_209_881.jpg,train
id_48_value_88_795.jpg,train
id_490_value_858_516.jpg,train
id_491_value_1388_792.jpg,val
id_492_value_442_512.jpg,val
id_493_value_162_101.jpg,val
id_494_value_854_0.jpg,val
id_495_value_72_911.jpg,train
id_496_value_173_242.jpg,train
id_497_value_186_201.jpg,val
id_498_value_85_744.jpg,val
id_499_value_113_563.jpg,train
id_49_value_7_086.jpg,train
id_4_value_352_676.jpg,test
id_500_value_54_533.jpg,train
id_501_value_38_516.jpg,train
id_502_value_35_581.jpg,train
id_503_value_1542_432.jpg,train
id_504_value_187_522.jpg,train
id_505_value_233_856.jpg,train
id_506_value_45_638.jpg,train
id_507_value_544_234.jpg,val
id_508_value_25_191.jpg,test
id_509_value_156_0.jpg,train
id_50_value_37_106.jpg,train
id_510_value_202_512.jpg,train
id_511_value_399_701.jpg,train
id_512_value_352_334.jpg,train
id_513_value_235_163.jpg,train
id_514_value_971_394.jpg,val
id_515_value_62_345.jpg,train
id_516_value_82_121.jpg,test
id_517_value_247_556.jpg,test
id_518_value_14_377.jpg,train
id_519_value_43_335.jpg,train
id_51_value_93_534.jpg,val
id_520_value_102_667.jpg,train
id_521_value_423_037.jpg,train
id_522_value_505_029.jpg,val
id_523_value_83_695.jpg,val
id_524_value_198_818.jpg,test
id_525_value_804_985.jpg,train
id_526_value_983_932.jpg,train
id_527_value_911_238.jpg,train
id_528_value_145_319.jpg,train
id_529_value_204_76.jpg,train
id_52_value_47_261.jpg,train
id_530_value_130_188.jpg,train
id_531_value_246_651.jpg,val
id_532_value_155_331.jpg,val
id_533_value_3_711.jpg,train
id_534_value_115_779.jpg,train
id_535_value_403_274.jpg,train
id_536_value_285_472.jpg,train
id_537_value_66_994.jpg,train
id_538_value_338_011.jpg,train
id_539_value_562_803.jpg,val
id_53_value_595_825.jpg,train
id_540_value_21_537.jpg,train
id_541_value_93_704.jpg,test
id_542_value_312_2.jpg,test
id_543_value_21_877.jpg,train
id_544_value_100_956.jpg,train
id_545_value_68_647.jpg,val
id_546_value_19_194.jpg,train
id_547_value_36_403.jpg,test
id_548_value_332_77.jpg,val
id_549_value_647_191.jpg,train
id_54_value_47_734.jpg,train
id_550_value_268_978.jpg,train
id_551_value_569_424.jpg,val
id_552_value_202_44.jpg,train
id_553_value_65_475.jpg,train
id_554_value_727_113.jpg,val
id_555_value_66_559.jpg,train
id_556_value_3_697.jpg,train
id_557_value_48_63.jpg,test
id_558_value_193_862.jpg,train
id_559_value_281_821.jpg,train
id_55_value_51_278.jpg,train
id_560_value_63_736.jpg,train
id_561_value_1131_894.jpg,train
id_562_value_73_816.jpg,train
id_563_value_3_0.jpg,train
id_564_value_45_726.jpg,val
id_565_value_248_164.jpg,train
id_566_value_258_0.jpg,train
id_567_value_11_117.jpg,val
id_568_value_583_745.jpg,train
id_569_value_384_176.jpg,train
id_56_value_105_638.jpg,train
id_570_value_108_594.jpg,train
id_571_value_108_047.jpg,train
id_572_value_135_291.jpg,train
id_573_value_115_182.jpg,train
id_574_value_632_458.jpg,train
id_575_value_120_633.jpg,test
id_576_value_31_707.jpg,train
id_577_value_12_455.jpg,train
id_578_value_38_045.jpg,train
id_579_value_94_189.jpg,train
id_57_value_787_236.jpg,val
id_580_value_168_358.jpg,train
id_581_value_121_602.jpg,train
id_582_value_620_666.jpg,train
id_583_value_321_933.jpg,train
id_584_value_779_907.jpg,test
id_585_value_8_591.jpg,test
id_586_value_199_502.jpg,train
id_587_value_1_747.jpg,train
id_588_value_330_509.jpg,val
id_589_value_221_024.jpg,train
id_58_value_336_0.jpg,val
id_590_value_109_56.jpg,test
id_591_value_621_277.jpg,val
id_592_value_49_927.jpg,train
id_593_value_60_352.jpg,train
id_594_value_234_619.jpg,train
id_595_value_131_007.jpg,train
id_596_value_258_307.jpg,test
id_597_value_170_792.jpg,val
id_598_value_491_324.jpg,train
id_599_value_241_662.jpg,val
id_59_value_58_235.jpg,test
id_5_value_100_533.jpg,train
id_600_value_358_581.jpg,train
id_601_value_68_014.jpg,test
id_602_value_210_099.jpg,train
id_603_value_49_467.jpg,train
id_604_value_11_566.jpg,train
id_605_value_198_938.jpg,val
id_606_value_142_819.jpg,train
id_607_value_174_648.jpg,train
id_608_value_56_995.jpg,train
id_609_value_269_85.jpg,train
id_60_value_258_756.jpg,val
id_610_value_66_854.jpg,test
id_611_value_63_756.jpg,train
id_612_value_160_437.jpg,train
id_613_value_1198_466.jpg,train
id_614_value_218_623.jpg,test
id_615_value_215_993.jpg,train
id_616_value_130_316.jpg,train
id_617_value_429_636.jpg,train
id_618_value_1020_93.jpg,val
id_619_value_481_228.jpg,train
id_61_value_19_151.jpg,train
id_620_value_0_129.jpg,train
id_621_value_6_371.jpg,train
id_622_value_98_887.jpg,val
id_623_value_445_282.jpg,test
id_624_value_235_05.jpg,train
id_625_value_146_339.jpg,train
id_626_value_220_111.jpg,train
id_627_value_323_824.jpg,val
id_628_value_199_34.jpg,train
id_629_value_584_801.jpg,test
id_62_value_367_401.jpg,val
id_630_value_164_0.jpg,test
id_631_value_446_685.jpg,train
id_632_value_1369_0.jpg,train
id_633_value_43_701.jpg,train
id_634_value_218_209.jpg,train
id_635_value_195_465.jpg,train
id_636_value_133_864.jpg,test
id_637_value_888_224.jpg,train
id_638_value_0_87.jpg,train
id_639_value_21_222.jpg,test
id_63_value_468_808.jpg,train
id_640_value_359_439.jpg,train
id_641_value_570_149.jpg,train
id_642_value_30_073.jpg,train
id_643_value_157_321.jpg,test
id_644_value_233_386.jpg,train
id_645_value_31_559.jpg,train
id_646_value_496_183.jpg,train
id_647_value_1315_0.jpg,train
id_648_value_103_644.jpg,train
id_649_value_146_443.jpg,train
id_64_value_57_509.jpg,train
id_650_value_257_129.jpg,train
id_651_value_158_661.jpg,train
id_652_value_21_382.jpg,train
id_653_value_170_282.jpg,val
id_654_value_489_464.jpg,train
id_655_value_60_18.jpg,train
id_656_value_143_044.jpg,train
id_657_value_109_499.jpg,val
id_658_value_325_663.jpg,test
id_659_value_342_009.jpg,test
id_65_value_210_959.jpg,val
id_660_value_229_523.jpg,train
id_661_value_92_027.jpg,val
id_662_value_43_837.jpg,train
id_663_value_1299_557.jpg,train
id_665_value_298_494.jpg,train
id_666_value_742_966.jpg,test
id_667_value_957_742.jpg,val
id_668_value_676_793.jpg,train
id_669_value_271_351.jpg,train
id_66_value_523_223.jpg,train
id_670_value_2609_185.jpg,test
id_671_value_14_113.jpg,train
id_672_value_350_806.jpg,train
id_673_value_52_521.jpg,train
id_674_value_138_331.jpg,test
id_675_value_122_563.jpg,test
id_676_value_6_196.jpg,val
id_677_value_26_557.jpg,train
id_678_value_9_283.jpg,val
id_679_value_1016_347.jpg,train
id_67_value_20_205.jpg,train
id_680_value_173_645.jpg,train
id_681_value_493_021.jpg,train
id_682_value_247_055.jpg,train
id_683_value_28_967.jpg,train
id_684_value_50_338.jpg,val
id_685_value_491_265.jpg,train
id_686_value_92_258.jpg,train
id_687_value_71_007.jpg,val
id_688_value_302_18.jpg,train
id_689_value_439_16.jpg,test
id_68_value_150_454.jpg,test
id_690_value_306_099.jpg,train
id_691_value_15_774.jpg,train
id_692_value_232_731.jpg,val
id_693_value_121_66.jpg,test
id_694_value_353_497.jpg,train
id_695_value_93_701.jpg,train
id_696_value_521_557.jpg,train
id_697_value_26_101.jpg,train
id_698_value_321_442.jpg,train
id_699_value_27_244.jpg,train
id_69_value_703_334.jpg,train
id_6_value_345_442.jpg,train
id_700_value_77_542.jpg,train
id_701_value_27_375.jpg,train
id_702_value_238_801.jpg,val
id_703_value_69_269.jpg,train
id_704_value_31_029.jpg,train
id_705_value_425_98.jpg,train
id_706_value_820_135.jpg,train
id_707_value_8_834.jpg,val
id_708_value_195_1.jpg,train
id_709_value_333_944.jpg,train
id_70_value_37_723.jpg,train
id_710_value_108_928.jpg,test
id_711_value_353_917.jpg,train
id_712_value_267_531.jpg,train
id_713_value_11970_02.jpg,train
id_714_value_29_727.jpg,train
id_715_value_105_786.jpg,test
id_716_value_70_07.jpg,train
id_717_value_241_092.jpg,val
id_718_value_142_967.jpg,train
id_719_value_514_047.jpg,train
id_71_value_90_216.jpg,train
id_720_value_180_581.jpg,train
id_721_value_134_634.jpg,train
id_722_value_145_011.jpg,train
id_723_value_67_521.jpg,val
id_724_value_331_318.jpg,test
id_725_value_371_611.jpg,train
id_726_value_114_147.jpg,train
id_727_value_492_481.jpg,test
id_728_value_391_478.jpg,val
id_729_value_151_066.jpg,val
id_72_value_132_107.jpg,train
id_730_value_588_817.jpg,train
id_731_value_231_041.jpg,train
id_732_value_105_979.jpg,train
id_733_value_618_958.jpg,val
id_734_value_11_468.jpg,train
id_735_value_4_326.jpg,train
id_736_value_419_123.jpg,train
id_737_value_119_002.jpg,train
id_738_value_60_218.jpg,test
id_739_value_79_33.jpg,test
id_73_value_234_619.jpg,train
id_740_value_274_508.jpg,val
id_741_value_132_745.jpg,train
id_742_value_328_053.jpg,train
id_743_value_92_736.jpg,train
id_744_value_49_648.jpg,train
id_745_value_120_322.jpg,val
id_746_value_163_389.jpg,val
id_747_value_253_226.jpg,train
id_748_value_80_24.jpg,train
id_749_value_88_113.jpg,test
id_74_value_183_642.jpg,test
id_750_value_137_523.jpg,val
id_751_value_156_29.jpg,train
id_752_value_842_484.jpg,train
id_753_value_109_069.jpg,train
id_754_value_49_637.jpg,val
id_755_value_189_556.jpg,train
id_756_value_20_009.jpg,val
id_757_value_8_348.jpg,train
id_758_value_105_451.jpg,train
id_759_value_213_548.jpg,test
id_75_value_245_437.jpg,train
id_760_value_688_853.jpg,train
id_761_value_161_611.jpg,test
id_762_value_785_385.jpg,train
id_763_value_169_244.jpg,train
id_764_value_39_275.jpg,train
id_765_value_88_118.jpg,train
id_766_value_532_41.jpg,val
id_767_value_497_899.jpg,train
id_768_value_147_132.jpg,train
id_769_value_116_934.jpg,train
id_76_value_916_447.jpg,test
id_770_value_738_941.jpg,train
id_771_value_8_582.jpg,test
id_772_value_76_604.jpg,val
id_773_value_377_27.jpg,train
id_774_value_237_825.jpg,train
id_775_value_41_149.jpg,test
id_776_value_845_592.jpg,val
id_777_value_43_399.jpg,train
id_778_value_263_156.jpg,train
id_779_value_8_249.jpg,test
id_77_value_665_0.jpg,train
id_780_value_164_17.jpg,train
id_781_value_343_38.jpg,train
id_782_value_109_612.jpg,train
id_783_value_30_899.jpg,train
id_784_value_282_991.jpg,test
id_785_value_134_333.jpg,train
id_786_value_66_169.jpg,train
id_787_value_109_805.jpg,val
id_788_value_28_411.jpg,train
id_789_value_347_004.jpg,train
id_78_value_195_502.jpg,train
id_790_value_6_564.jpg,train
id_791_value_96_916.jpg,train
id_792_value_666_42.jpg,train
id_793_value_485_422.jpg,train
id_794_value_1078_458.jpg,train
id_795_value_819_768.jpg,train
id_796_value_322_431.jpg,test
id_797_value_281_447.jpg,train
id_798_value_596_951.jpg,train
id_799_value_22_0.jpg,train
id_79_value_101_981.jpg,test
id_7_value_405_178.jpg,train
id_800_value_340_676.jpg,train
id_801_value_1016_591.jpg,train
id_802_value_10_886.jpg,train
id_803_value_14_591.jpg,train
id_804_value_33_103.jpg,train
id_805_value_251_163.jpg,test
id_806_value_674_017.jpg,val
id_807_value_149_848.jpg,val
id_808_value_412_02.jpg,train
id_809_value_317_554.jpg,val
id_80_value_0_112.jpg,test
id_810_value_35_469.jpg,train
id_811_value_188_799.jpg,val
id_812_value_121_009.jpg,train
id_813_value_132_351.jpg,train
id_814_value_277_073.jpg,train
id_815_value_253_73.jpg,train
id_816_value_545_577.jpg,train
id_817_value_513_162.jpg,train
id_818_value_525_562.jpg,test
id_819_value_57_162.jpg,train
id_81_value_259_059.jpg,train
id_820_value_609_109.jpg,train
id_821_value_79_867.jpg,train
id_822_value_142_086.jpg,train
id_823_value_797_0.jpg,val
id_824_value_338_808.jpg,train
id_825_value_57_45.jpg,train
id_826_value_16_214.jpg,train
id_827_value_173_95.jpg,train
id_828_value_173_877.jpg,train
id_829_value_243_427.jpg,test
id_82_value_1100_014.jpg,train
id_830_value_81_521.jpg,train
id_831_value_98_827.jpg,train
id_832_value_276_214.jpg,train
id_833_value_431_42.jpg,train
id_834_value_265_751.jpg,train
id_835_value_6_082.jpg,train
id_836_value_434_644.jpg,train
id_837_value_55_481.jpg,test
id_838_value_134_435.jpg,train
id_839_value_1025_0.jpg,train
id_83_value_1336_114.jpg,test
id_840_value_50_268.jpg,train
id_841_value_167_252.jpg,train
id_842_value_401_992.jpg,train
id_843_value_198_639.jpg,train
id_844_value_6_412.jpg,train
id_845_value_281_373.jpg,test
id_846_value_42_383.jpg,val
id_847_value_333_253.jpg,train
id_848_value_214_842.jpg,val
id_849_value_472_317.jpg,train
id_84_value_267_619.jpg,train
id_850_value_434_756.jpg,train
id_851_value_305_162.jpg,train
id_852_value_106_791.jpg,train
id_853_value_19_205.jpg,train
id_854_value_4_373.jpg,train
id_855_value_62_383.jpg,val
id_856_value_96_189.jpg,train
id_857_value_64_376.jpg,train
id_858_value_124_462.jpg,train
id_859_value_238_483.jpg,train
id_85_value_78_069.jpg,train
id_860_value_2693_0.jpg,train
id_861_value_626_9.jpg,train
id_862_value_341_582.jpg,train
id_863_value_100_217.jpg,train
id_864_value_456_239.jpg,test
id_865_value_249_112.jpg,train
id_866_value_543_127.jpg,train
id_867_value_21_23.jpg,train
id_868_value_259_017.jpg,val
id_869_value_98_458.jpg,train
id_86_value_240_729.jpg,test
id_870_value_38_316.jpg,test
id_871_value_286_605.jpg,train
id_872_value_193_0.jpg,train
id_873_value_443_883.jpg,test
id_874_value_509_0.jpg,train
id_875_value_61_184.jpg,test
id_876_value_419_246.jpg,train
id_877_value_39_379.jpg,train
id_878_value_97_299.jpg,train
id_879_value_397_726.jpg,train
id_87_value_374_66.jpg,train
id_880_value_462_079.jpg,test
id_881_value_639_513.jpg,train
id_882_value_344_034.jpg,train
id_883_value_67_233.jpg,test
id_884_value_179_697.jpg,train
id_885_value_575_828.jpg,val
id_886_value_491_457.jpg,train
id_887_value_31_732.jpg,train
id_888_value_352_192.jpg,train
id_889_value_9_451.jpg,train
id_88_value_168_625.jpg,test
id_890_value_96_374.jpg,val
id_891_value_172_595.jpg,train
id_892_value_236_245.jpg,train
id_893_value_126_445.jpg,train
id_894_value_176_041.jpg,val
id_895_value_136_653.jpg,train
id_896_value_102_623.jpg,train
id_897_value_506_616.jpg,train
id_898_value_136_669.jpg,val
id_899_value_39_44.jpg,train
id_89_value_514_352.jpg,val
id_8_value_1095_124.jpg,train
id_900_value_436_101.jpg,train
id_901_value_119_885.jpg,train
id_902_value_269_203.jpg,val
id_903_value_42_717.jpg,train
id_904_value_77_312.jpg,train
id_905_value_19_368.jpg,train
id_906_value_218_978.jpg,train
id_907_value_148_153.jpg,train
id_908_value_116_011.jpg,train
id_909_value_2_146.jpg,test
id_90_value_729_0.jpg,val
id_910_value_550_348.jpg,val
id_911_value_200_804.jpg,test
id_912_value_40_172.jpg,train
id_913_value_222_914.jpg,train
id_914_value_668_51.jpg,train
id_915_value_91_523.jpg,train
id_916_value_123_153.jpg,train
id_917_value_190_84.jpg,val
id_918_value_472_037.jpg,train
id_919_value_315_892.jpg,val
id_91_value_40_736.jpg,test
id_920_value_112_725.jpg,test
id_921_value_222_747.jpg,train
id_922_value_265_054.jpg,train
id_923_value_133_175.jpg,train
id_924_value_625_593.jpg,test
id_925_value_254_755.jpg,train
id_926_value_203_154.jpg,train
id_927_value_165_143.jpg,test
id_928_value_377_625.jpg,train
id_929_value_85_4.jpg,val
id_92_value_116_405.jpg,train
id_930_value_19_846.jpg,train
id_931_value_295_293.jpg,train
id_932_value_19_125.jpg,train
id_933_value_121_779.jpg,val
id_934_value_231_52.jpg,train
id_935_value_50_409.jpg,train
id_936_value_555_854.jpg,train
id_937_value_3_329.jpg,train
id_938_value_136_897.jpg,train
id_939_value_479_36.jpg,test
id_93_value_105_535.jpg,train
id_940_value_137_423.jpg,test
id_941_value_37_11.jpg,train
id_942_value_282_302.jpg,val
id_943_value_99_677.jpg,train
id_944_value_46_856.jpg,train
id_945_value_49_46.jpg,train
id_946_value_809_0.jpg,train
id_947_value_877_895.jpg,val
id_948_value_349_795.jpg,train
id_949_value_272_153.jpg,test
id_94_value_93_518.jpg,test
id_950_value_613_378.jpg,train
id_951_value_514_042.jpg,val
id_952_value_493_437.jpg,train
id_953_value_66_584.jpg,test
id_954_value_10_242.jpg,val
id_955_value_252_025.jpg,test
id_956_value_252_324.jpg,train
id_957_value_215_961.jpg,train
id_958_value_1581_969.jpg,train
id_959_value_522_073.jpg,train
id_95_value_45_298.jpg,train
id_960_value_606_357.jpg,train
id_961_value_78_021.jpg,val
id_962_value_69_373.jpg,train
id_963_value_242_778.jpg,train
id_964_value_487_767.jpg,train
id_965_value_10_666.jpg,train
id_966_value_128_967.jpg,test
id_967_value_588_276.jpg,train
id_968_value_158_106.jpg,test
id_969_value_288_838.jpg,train
id_96_value_353_0.jpg,val
id_970_value_437_807.jpg,train
id_971_value_189_213.jpg,test
id_972_value_224_21.jpg,train
id_973_value_951_333.jpg,train
id_974_value_716_262.jpg,train
id_975_value_452_487.jpg,train
id_976_value_315_461.jpg,train
id_977_value_396_876.jpg,train
id_978_value_394_256.jpg,train
id_979_value_145_98.jpg,train
id_97_value_368_218.jpg,train
id_980_value_31_618.jpg,train
id_981_value_363_805.jpg,train
id_982_value_114_41.jpg,train
id_983_value_174_397.jpg,val
id_984_value_2703_797.jpg,train
id_985_value_108_331.jpg,test
id_986_value_748_0.jpg,test
id_987_value_162_075.jpg,train
id_988_value_108_494.jpg,train
id_989_value_37_391.jpg,val
id_98_value_304_465.jpg,test
id_990_value_106_899.jpg,train
id_991_value_13_852.jpg,train
id_992_value_480_413.jpg,train
id_993_value_53_018.jpg,val
id_994_value_95_212.jpg,train
id_995_value_434_169.jpg,train
id_996_value_19_0.jpg,val
id_997_value_692_675.jpg,train
id_998_value_255_344.jpg,train
id_999_value_638_289.jpg,test
id_99_value_200_319.jpg,train
id_9_value_18_724.jpg,train
